engine,run,wall_seconds,cpu_seconds,python_peak_bytes,class_count
general_sum_index,1,713.0657726,711.890625,50029016,1
lo_shu_difference_index,1,0.026466300000038245,0.03125,35684,1
general_sum_index,2,703.5741436000001,702.390625,49901400,1
lo_shu_difference_index,2,0.024026300000059564,0.015625,32118,1
general_sum_index,3,707.0197467000003,705.90625,49901400,1
lo_shu_difference_index,3,0.023808500000086497,0.015625,32118,1
